<?xml version="1.0" encoding="UTF-8"?>
<project-private xmlns="http://www.netbeans.org/ns/project-private/1">
    <editor-bookmarks xmlns="http://www.netbeans.org/ns/editor-bookmarks/2" lastBookmarkId="0"/>
    <open-files xmlns="http://www.netbeans.org/ns/projectui-open-files/2">
        <group>
            <file>file:/C:/Users/user/Documents/NetBeansProjects/CalTrain2/src/Controller/CalTrain2.java</file>
            <file>file:/C:/Users/user/Documents/NetBeansProjects/CalTrain2/src/Model/Observer/TrainObserver.java</file>
            <file>file:/C:/Users/user/Documents/NetBeansProjects/CalTrain2/src/Controller/Listeners.java</file>
            <file>file:/C:/Users/user/Documents/NetBeansProjects/CalTrain2/src/View/Interface/UI.java</file>
            <file>file:/C:/Users/user/Documents/NetBeansProjects/CalTrain2/src/Model/Core/Passenger.java</file>
            <file>file:/C:/Users/user/Documents/NetBeansProjects/CalTrain2/src/Model/Core/Train.java</file>
        </group>
    </open-files>
</project-private>
